ra, dec
217.30989, 33.941787
